{
  "tiers": [
    {
      "total_exp_required": 0,
      "groups": [
        {
          "num_to_select": 2,
          "trades": [
            {
              "wants": [
                {
                  "item": "minecraft:paper",
                  "quantity": 24,
                  "price_multiplier": 0.05
                }
              ],
              "gives": [
                {
                  "item": "minecraft:emerald",
                  "quantity": 1
                }
              ],
              "trader_exp": 2,
              "max_uses": 12,
              "reward_exp": true
            },
            {
              "wants": [
                {
                  "item": "minecraft:emerald",
                  "quantity": 7,
                  "price_multiplier": 0.05
                }
              ],
              "gives": [
                {
                  "item": "minecraft:empty_map",
                  "quantity": 1
                }
              ],
              "trader_exp": 1,
              "max_uses": 12,
              "reward_exp": true
            }
          ]
        }
      ]
    },
    {
      "total_exp_required": 10,
      "groups": [
        {
          "num_to_select": 2,
          "trades": [
            {
              "wants": [
                {
                  "item": "minecraft:glass_pane",
                  "quantity": 11,
                  "price_multiplier": 0.05
                }
              ],
              "gives": [
                {
                  "item": "minecraft:emerald",
                  "quantity": 1
                }
              ],
              "trader_exp": 10,
              "max_uses": 12,
              "reward_exp": true
            },
            {
              "wants": [
                {
                  "item": "minecraft:emerald",
                  "quantity": 8,
                  "price_multiplier": 0.05
                },
                {
                  "item": "minecraft:compass",
                  "quantity": 1
                }
              ],
              "gives": [
                {
                  "choice": [
                    {
                      "item": "minecraft:map",
                      "quantity": 1,
                      "functions": [
                        {
                          "function": "exploration_map",
                          "destination": "village_taiga"
                        }
                      ],
                      "filters": {
                        "all_of": [
                          {
                            "test": "in_overworld",
                            "subject": "self",
                            "value": true,
                            "operator": "="
                          },
                          {
                            "any_of": [
                              {
                                "test": "is_mark_variant",
                                "subject": "self",
                                "value": 5,
                                "operator": "="
                              },
                              {
                                "test": "is_mark_variant",
                                "subject": "self",
                                "value": 4,
                                "operator": "="
                              },
                              {
                                "test": "is_mark_variant",
                                "subject": "self",
                                "value": 0,
                                "operator": "="
                              }
                            ]
                          }
                        ]
                      }
                    }
                  ]
                }
              ],
              "trader_exp": 5,
              "max_uses": 12,
              "reward_exp": true
            },
            {
              "wants": [
                {
                  "item": "minecraft:emerald",
                  "quantity": 8,
                  "price_multiplier": 0.05
                },
                {
                  "item": "minecraft:compass",
                  "quantity": 1
                }
              ],
              "gives": [
                {
                  "choice": [
                    {
                      "item": "minecraft:map",
                      "quantity": 1,
                      "functions": [
                        {
                          "function": "exploration_map",
                          "destination": "swamp_hut"
                        }
                      ],
                      "filters": {
                        "all_of": [
                          {
                            "test": "in_overworld",
                            "subject": "self",
                            "value": true,
                            "operator": "="
                          },
                          {
                            "any_of": [
                              {
                                "test": "is_mark_variant",
                                "subject": "self",
                                "value": 6,
                                "operator": "="
                              },
                              {
                                "test": "is_mark_variant",
                                "subject": "self",
                                "value": 4,
                                "operator": "="
                              },
                              {
                                "test": "is_mark_variant",
                                "subject": "self",
                                "value": 2,
                                "operator": "="
                              }
                            ]
                          }
                        ]
                      }
                    }
                  ]
                }
              ],
              "trader_exp": 5,
              "max_uses": 12,
              "reward_exp": true
            },
            {
              "wants": [
                {
                  "item": "minecraft:emerald",
                  "quantity": 8,
                  "price_multiplier": 0.05
                },
                {
                  "item": "minecraft:compass",
                  "quantity": 1
                }
              ],
              "gives": [
                {
                  "choice": [
                    {
                      "item": "minecraft:map",
                      "quantity": 1,
                      "functions": [
                        {
                          "function": "exploration_map",
                          "destination": "village_snowy"
                        }
                      ],
                      "filters": {
                        "all_of": [
                          {
                            "test": "in_overworld",
                            "subject": "self",
                            "value": true,
                            "operator": "="
                          },
                          {
                            "any_of": [
                              {
                                "test": "is_mark_variant",
                                "subject": "self",
                                "value": 6,
                                "operator": "="
                              },
                              {
                                "test": "is_mark_variant",
                                "subject": "self",
                                "value": 5,
                                "operator": "="
                              }
                            ]
                          }
                        ]
                      }
                    }
                  ]
                }
              ],
              "trader_exp": 5,
              "max_uses": 12,
              "reward_exp": true
            },
            {
              "wants": [
                {
                  "item": "minecraft:emerald",
                  "quantity": 8,
                  "price_multiplier": 0.05
                },
                {
                  "item": "minecraft:compass",
                  "quantity": 1
                }
              ],
              "gives": [
                {
                  "choice": [
                    {
                      "item": "minecraft:map",
                      "quantity": 1,
                      "functions": [
                        {
                          "function": "exploration_map",
                          "destination": "village_savanna"
                        }
                      ],
                      "filters": {
                        "all_of": [
                          {
                            "test": "in_overworld",
                            "subject": "self",
                            "value": true,
                            "operator": "="
                          },
                          {
                            "any_of": [
                              {
                                "test": "is_mark_variant",
                                "subject": "self",
                                "value": 0,
                                "operator": "="
                              },
                              {
                                "test": "is_mark_variant",
                                "subject": "self",
                                "value": 2,
                                "operator": "="
                              },
                              {
                                "test": "is_mark_variant",
                                "subject": "self",
                                "value": 1,
                                "operator": "="
                              }
                            ]
                          }
                        ]
                      }
                    }
                  ]
                }
              ],
              "trader_exp": 5,
              "max_uses": 12,
              "reward_exp": true
            },
            {
              "wants": [
                {
                  "item": "minecraft:emerald",
                  "quantity": 8,
                  "price_multiplier": 0.05
                },
                {
                  "item": "minecraft:compass",
                  "quantity": 1
                }
              ],
              "gives": [
                {
                  "choice": [
                    {
                      "item": "minecraft:map",
                      "quantity": 1,
                      "functions": [
                        {
                          "function": "exploration_map",
                          "destination": "village_plains"
                        }
                      ],
                      "filters": {
                        "all_of": [
                          {
                            "test": "in_overworld",
                            "subject": "self",
                            "value": true,
                            "operator": "="
                          },
                          {
                            "any_of": [
                              {
                                "test": "is_mark_variant",
                                "subject": "self",
                                "value": 6,
                                "operator": "="
                              },
                              {
                                "test": "is_mark_variant",
                                "subject": "self",
                                "value": 4,
                                "operator": "="
                              },
                              {
                                "test": "is_mark_variant",
                                "subject": "self",
                                "value": 3,
                                "operator": "="
                              },
                              {
                                "test": "is_mark_variant",
                                "subject": "self",
                                "value": 1,
                                "operator": "="
                              }
                            ]
                          }
                        ]
                      }
                    }
                  ]
                }
              ],
              "trader_exp": 5,
              "max_uses": 12,
              "reward_exp": true
            },
            {
              "wants": [
                {
                  "item": "minecraft:emerald",
                  "quantity": 8,
                  "price_multiplier": 0.05
                },
                {
                  "item": "minecraft:compass",
                  "quantity": 1
                }
              ],
              "gives": [
                {
                  "choice": [
                    {
                      "item": "minecraft:map",
                      "quantity": 1,
                      "functions": [
                        {
                          "function": "exploration_map",
                          "destination": "jungle_temple"
                        }
                      ],
                      "filters": {
                        "all_of": [
                          {
                            "test": "in_overworld",
                            "subject": "self",
                            "value": true,
                            "operator": "="
                          },
                          {
                            "any_of": [
                              {
                                "test": "is_mark_variant",
                                "subject": "self",
                                "value": 5,
                                "operator": "="
                              },
                              {
                                "test": "is_mark_variant",
                                "subject": "self",
                                "value": 3,
                                "operator": "="
                              },
                              {
                                "test": "is_mark_variant",
                                "subject": "self",
                                "value": 1,
                                "operator": "="
                              }
                            ]
                          }
                        ]
                      }
                    }
                  ]
                }
              ],
              "trader_exp": 5,
              "max_uses": 12,
              "reward_exp": true
            },
            {
              "wants": [
                {
                  "item": "minecraft:emerald",
                  "quantity": 8,
                  "price_multiplier": 0.05
                },
                {
                  "item": "minecraft:compass",
                  "quantity": 1
                }
              ],
              "gives": [
                {
                  "choice": [
                    {
                      "item": "minecraft:map",
                      "quantity": 1,
                      "functions": [
                        {
                          "function": "exploration_map",
                          "destination": "village_desert"
                        }
                      ],
                      "filters": {
                        "all_of": [
                          {
                            "test": "in_overworld",
                            "subject": "self",
                            "value": true,
                            "operator": "="
                          },
                          {
                            "any_of": [
                              {
                                "test": "is_mark_variant",
                                "subject": "self",
                                "value": 3,
                                "operator": "="
                              },
                              {
                                "test": "is_mark_variant",
                                "subject": "self",
                                "value": 2,
                                "operator": "="
                              }
                            ]
                          }
                        ]
                      }
                    }
                  ]
                }
              ],
              "trader_exp": 5,
              "max_uses": 12,
              "reward_exp": true
            }
          ]
        }
      ]
    },
    {
      "total_exp_required": 70,
      "groups": [
        {
          "num_to_select": 2,
          "trades": [
            {
              "wants": [
                {
                  "item": "minecraft:compass",
                  "quantity": 1,
                  "price_multiplier": 0.05
                }
              ],
              "gives": [
                {
                  "item": "minecraft:emerald",
                  "quantity": 1
                }
              ],
              "trader_exp": 20,
              "max_uses": 12,
              "reward_exp": true
            },
            {
              "wants": [
                {
                  "item": "minecraft:emerald",
                  "quantity": 13,
                  "price_multiplier": 0.05
                },
                {
                  "item": "minecraft:compass",
                  "quantity": 1
                }
              ],
              "gives": [
                {
                  "item": "minecraft:map",
                  "quantity": 1,
                  "functions": [
                    {
                      "function": "exploration_map",
                      "destination": "monument"
                    }
                  ],
                  "filters": {
                    "test": "in_overworld",
                    "subject": "self",
                    "value": true,
                    "operator": "="
                  }
                }
              ],
              "trader_exp": 10,
              "max_uses": 12,
              "reward_exp": true
            }
          ]
        }
      ]
    },
    {
      "total_exp_required": 150,
      "groups": [
        {
          "num_to_select": 2,
          "trades": [
            {
              "wants": [
                {
                  "item": "minecraft:emerald",
                  "quantity": 7,
                  "price_multiplier": 0.05
                }
              ],
              "gives": [
                {
                  "item": "minecraft:frame",
                  "quantity": 1
                }
              ],
              "trader_exp": 15,
              "max_uses": 12,
              "reward_exp": true
            },
            {
              "wants": [
                {
                  "item": "minecraft:emerald",
                  "quantity": 7,
                  "price_multiplier": 0.05
                }
              ],
              "gives": [
                {
                  "item": "minecraft:banner:15",
                  "quantity": 1
                }
              ],
              "trader_exp": 15,
              "max_uses": 12,
              "reward_exp": true
            },
            {
              "wants": [
                {
                  "item": "minecraft:emerald",
                  "quantity": 7,
                  "price_multiplier": 0.05
                }
              ],
              "gives": [
                {
                  "item": "minecraft:banner:4",
                  "quantity": 1
                }
              ],
              "trader_exp": 15,
              "max_uses": 12,
              "reward_exp": true
            },
            {
              "wants": [
                {
                  "item": "minecraft:emerald",
                  "quantity": 7,
                  "price_multiplier": 0.05
                }
              ],
              "gives": [
                {
                  "item": "minecraft:banner:12",
                  "quantity": 1
                }
              ],
              "trader_exp": 15,
              "max_uses": 12,
              "reward_exp": true
            },
            {
              "wants": [
                {
                  "item": "minecraft:emerald",
                  "quantity": 7,
                  "price_multiplier": 0.05
                }
              ],
              "gives": [
                {
                  "item": "minecraft:banner:1",
                  "quantity": 1
                }
              ],
              "trader_exp": 15,
              "max_uses": 12,
              "reward_exp": true
            },
            {
              "wants": [
                {
                  "item": "minecraft:emerald",
                  "quantity": 7,
                  "price_multiplier": 0.05
                }
              ],
              "gives": [
                {
                  "item": "minecraft:banner:9",
                  "quantity": 1
                }
              ],
              "trader_exp": 15,
              "max_uses": 12,
              "reward_exp": true
            },
            {
              "wants": [
                {
                  "item": "minecraft:emerald",
                  "quantity": 7,
                  "price_multiplier": 0.05
                }
              ],
              "gives": [
                {
                  "item": "minecraft:banner:2",
                  "quantity": 1
                }
              ],
              "trader_exp": 15,
              "max_uses": 12,
              "reward_exp": true
            },
            {
              "wants": [
                {
                  "item": "minecraft:emerald",
                  "quantity": 7,
                  "price_multiplier": 0.05
                }
              ],
              "gives": [
                {
                  "item": "minecraft:banner:10",
                  "quantity": 1
                }
              ],
              "trader_exp": 15,
              "max_uses": 12,
              "reward_exp": true
            },
            {
              "wants": [
                {
                  "item": "minecraft:emerald",
                  "quantity": 7,
                  "price_multiplier": 0.05
                }
              ],
              "gives": [
                {
                  "item": "minecraft:banner:8",
                  "quantity": 1
                }
              ],
              "trader_exp": 15,
              "max_uses": 12,
              "reward_exp": true
            },
            {
              "wants": [
                {
                  "item": "minecraft:emerald",
                  "quantity": 7,
                  "price_multiplier": 0.05
                }
              ],
              "gives": [
                {
                  "item": "minecraft:banner",
                  "quantity": 1
                }
              ],
              "trader_exp": 15,
              "max_uses": 12,
              "reward_exp": true
            },
            {
              "wants": [
                {
                  "item": "minecraft:emerald",
                  "quantity": 7,
                  "price_multiplier": 0.05
                }
              ],
              "gives": [
                {
                  "item": "minecraft:banner:5",
                  "quantity": 1
                }
              ],
              "trader_exp": 15,
              "max_uses": 12,
              "reward_exp": true
            },
            {
              "wants": [
                {
                  "item": "minecraft:emerald",
                  "quantity": 7,
                  "price_multiplier": 0.05
                }
              ],
              "gives": [
                {
                  "item": "minecraft:banner:13",
                  "quantity": 1
                }
              ],
              "trader_exp": 15,
              "max_uses": 12,
              "reward_exp": true
            },
            {
              "wants": [
                {
                  "item": "minecraft:emerald",
                  "quantity": 7,
                  "price_multiplier": 0.05
                }
              ],
              "gives": [
                {
                  "item": "minecraft:banner:6",
                  "quantity": 1
                }
              ],
              "trader_exp": 15,
              "max_uses": 12,
              "reward_exp": true
            },
            {
              "wants": [
                {
                  "item": "minecraft:emerald",
                  "quantity": 7,
                  "price_multiplier": 0.05
                }
              ],
              "gives": [
                {
                  "item": "minecraft:banner:3",
                  "quantity": 1
                }
              ],
              "trader_exp": 15,
              "max_uses": 12,
              "reward_exp": true
            },
            {
              "wants": [
                {
                  "item": "minecraft:emerald",
                  "quantity": 7,
                  "price_multiplier": 0.05
                }
              ],
              "gives": [
                {
                  "item": "minecraft:banner:11",
                  "quantity": 1
                }
              ],
              "trader_exp": 15,
              "max_uses": 12,
              "reward_exp": true
            },
            {
              "wants": [
                {
                  "item": "minecraft:emerald",
                  "quantity": 7,
                  "price_multiplier": 0.05
                }
              ],
              "gives": [
                {
                  "item": "minecraft:banner:14",
                  "quantity": 1
                }
              ],
              "trader_exp": 15,
              "max_uses": 12,
              "reward_exp": true
            },
            {
              "wants": [
                {
                  "item": "minecraft:emerald",
                  "quantity": 7,
                  "price_multiplier": 0.05
                }
              ],
              "gives": [
                {
                  "item": "minecraft:banner:7",
                  "quantity": 1
                }
              ],
              "trader_exp": 15,
              "max_uses": 12,
              "reward_exp": true
            }
          ]
        }
      ]
    },
    {
      "total_exp_required": 250,
      "groups": [
        {
          "num_to_select": 2,
          "trades": [
            {
              "wants": [
                {
                  "item": "minecraft:emerald",
                  "quantity": 8,
                  "price_multiplier": 0.05
                }
              ],
              "gives": [
                {
                  "item": "minecraft:globe_banner_pattern",
                  "quantity": 1
                }
              ],
              "trader_exp": 30,
              "max_uses": 12,
              "reward_exp": true
            },
            {
              "wants": [
                {
                  "item": "minecraft:emerald",
                  "quantity": 14,
                  "price_multiplier": 0.05
                },
                {
                  "item": "minecraft:compass",
                  "quantity": 1
                }
              ],
              "gives": [
                {
                  "item": "minecraft:map",
                  "quantity": 1,
                  "functions": [
                    {
                      "function": "exploration_map",
                      "destination": "mansion"
                    }
                  ],
                  "filters": {
                    "test": "in_overworld",
                    "subject": "self",
                    "value": true,
                    "operator": "="
                  }
                }
              ],
              "trader_exp": 30,
              "max_uses": 12,
              "reward_exp": true
            }
          ]
        }
      ]
    }
  ]
}
