{
  "format_version": "1.20.10",
  "minecraft:recipe_shapeless": {
    "description": {
      "identifier": "minecraft:crafting_table_waxed_chiseled_copper"
    },
    "tags": [ "crafting_table" ],
    "ingredients": [
      {
        "item": "minecraft:chiseled_copper"
      },
      {
        "item": "minecraft:honeycomb"
      }
    ],
    "unlock": [
      {
        "item": "minecraft:chiseled_copper"
      }
    ],
    "result": {
      "item": "minecraft:waxed_chiseled_copper",
      "count": 1
    },
    "priority": 1
  }
}
