{
  "format_version": "1.20.10",
  "minecraft:recipe_shaped": {
    "description": {
      "identifier": "minecraft:weathered_copper_trapdoor"
    },

    "tags": [ "crafting_table" ],
    "pattern": [
      "###",
      "###"
    ],
    "key": {
      "#": {
        "item": "minecraft:weathered_copper"
      }
    },
    "unlock": [
      {
        "item": "minecraft:weathered_copper"
      }
    ],
    "result": {
      "item": "minecraft:weathered_copper_trapdoor",
      "count": 2
    }
  }
}
