{
  "format_version": "1.20.10",
  "minecraft:recipe_shaped": {
    "description": {
      "identifier": "minecraft:crafting_table_chiseled_copper"
    },
    "tags": [
      "crafting_table"
    ],
    "key": {
      "#": {
        "item": "minecraft:cut_copper_slab"
      }
    },
    "pattern": [
      "#",
      "#"
    ],
    "unlock": [
      {
        "item": "minecraft:cut_copper_slab"
      }
    ],
    "priority": 1,
    "result": {
      "item": "minecraft:chiseled_copper"
    }
  }
}
