{
  "format_version": "1.20.10",
  "minecraft:recipe_shaped": {
    "description": {
      "identifier": "minecraft:oxidized_copper_bulb"
    },

    "tags": [ "crafting_table" ],
    "pattern": [
      " # ",
      "#B#",
      " R "
    ],
    "key": {
      "R": {
        "item": "minecraft:redstone"
      },
      "#": {
        "item": "minecraft:oxidized_copper"
      },
      "B": {
        "item": "minecraft:blaze_rod"
      }
    },
    "unlock": [
      {
        "item": "minecraft:oxidized_copper"
      }
    ],
    "result": {
      "item": "minecraft:oxidized_copper_bulb",
      "count": 4
    }
  }
}
