{
  "format_version": "1.20.10",
  "minecraft:recipe_shapeless": {
    "description": {
      "identifier": "minecraft:stonecutter_oxidized_copper_to_oxidized_copper_grate"
    },
    "tags": [ "stonecutter" ],
    "priority": 0,
    "ingredients": [
      {
        "item": "minecraft:oxidized_copper"
      }
    ],
    "unlock": [
      {
        "item": "minecraft:oxidized_copper"
      }
    ],
    "result": {
      "item": "minecraft:oxidized_copper_grate",
      "count": 4
    }
  }
}
