{
  "format_version": "1.20.10",
  "minecraft:recipe_shapeless": {
    "description": {
      "identifier": "minecraft:waxing_copper_door"
    },
    "tags": [ "crafting_table" ],
    "ingredients": [
      {
        "item": "minecraft:copper_door"
      },
      {
        "item": "minecraft:honeycomb"
      }
    ],
    "unlock": [
      {
        "item": "minecraft:copper_door"
      }
    ],
    "result": {
      "item": "minecraft:waxed_copper_door",
      "count": 1
    },
    "priority": 1
  }
}
